{
    "XGBoost": {
        "Accuracy": 0.9999335533455891,
        "Precision": 0.9999335539420986,
        "Recall": 0.9999335533455891,
        "F1-Score": 0.9999335531442899,
        "ROC-AUC": 0.999999988010025
    },
    "SVM": {
        "Accuracy": 0.9984274291789409,
        "Precision": 0.9984279907623458,
        "Recall": 0.9984274291789409,
        "F1-Score": 0.9984272903590727,
        "ROC-AUC": 0.9997220823713759
    },
    "LogisticRegression": {
        "Accuracy": 0.9985160247181555,
        "Precision": 0.9985164227180101,
        "Recall": 0.9985160247181555,
        "F1-Score": 0.9985159118648539,
        "ROC-AUC": 0.9996527213652231
    }
}